001_03.jpg;9066;204840
002_03.jpg;12270;295200
003_03.jpg;10549;203357
004_03.jpg;11194;202250
005_03.jpg;9557;203887
006_03.jpg;8984;204922
007_03.jpg;8280;205626
008_03.jpg;9948;203496
009_03.jpg;8086;205820
010_03.jpg;8660;204784
011_03.jpg;10403;203041
012_03.jpg;10816;203090
013_03.jpg;9344;204562
014_03.jpg;8710;204734
016_03.jpg;8888;204556
017_03.jpg;10269;203175
018_03.jpg;6145;207299
019_03.jpg;7015;206429
020_03.jpg;10684;203222
021_03.jpg;10386;203058
022_03.jpg;9600;203844
024_03.jpg;9789;203655
025_03.jpg;9665;203779
026_03.jpg;8430;205476
027_03.jpg;8976;204468
029_03.jpg;10265;203641
030_03.jpg;9670;204236
031_03.jpg;9892;203552
032_03.jpg;9638;203806
033_03.jpg;11990;201454
034_03.jpg;8984;204460
036_03.jpg;9754;203690
037_03.jpg;12525;200919
038_03.jpg;16774;290696
039_03.jpg;9295;204611
041_03.jpg;12110;201334
042_03.jpg;12507;295518
043_03.jpg;10599;203307
044_03.jpg;11639;201805
045_03.jpg;8766;205140
061_03.jpg;9995;203449
062_03.jpg;9479;204427
063_03.jpg;9299;204607
064_03.jpg;10896;202548
066_03.jpg;15221;292249
067_03.jpg;10468;203438
068_03.jpg;9103;204341
069_03.jpg;9428;204016
070_03.jpg;11991;201453
081_03.jpg;8984;204460
082_03.jpg;10638;202806
083_03.jpg;7846;205598
086_03.jpg;9251;204655
087_03.jpg;8317;205589
090_03.jpg;9227;204217
091_03.jpg;8262;205644
092_03.jpg;11743;201701
094_03.jpg;9775;204131
096_03.jpg;7946;205498
097_03.jpg;8525;204919
099_03.jpg;10518;202926
100_03.jpg;8858;204586
101_03.jpg;10893;203013
102_03.jpg;9320;204124
103_03.jpg;10607;202837
104_03.jpg;9409;204497
105_03.jpg;12752;200692
107_03.jpg;9481;204425
108_03.jpg;10701;202743
112_03.jpg;9072;204834
113_03.jpg;9855;203589
114_03.jpg;14548;292922
115_03.jpg;10541;202903
117_03.jpg;9572;203872
118_03.jpg;9840;203604
119_03.jpg;11422;202484
120_03.jpg;11400;202506
121_03.jpg;10711;202733
122_03.jpg;8174;205732
123_03.jpg;10152;203292
124_03.jpg;8074;205832
125_03.jpg;9973;203471
126_03.jpg;10180;203264
127_03.jpg;9931;203975
128_03.jpg;10683;203223
129_03.jpg;10151;203755
130_03.jpg;8954;204490
131_03.jpg;11197;202247
132_03.jpg;8997;204447
134_03.jpg;9377;204067
135_03.jpg;8534;205372
136_03.jpg;11431;202475
137_03.jpg;9655;203789
138_03.jpg;10541;202903
139_03.jpg;8835;205071
140_03.jpg;12091;201353
141_03.jpg;9034;204872
142_03.jpg;9736;203708
143_03.jpg;11316;202128
144_03.jpg;9301;204605
172_03.jpg;11685;201759
173_03.jpg;11658;201786